bedrooms,bathrooms,stories,mainroad,guestroom,basement,airconditioning,parking,furnishingstatus,price_scaled,area_scaled
2,1,1,1,0,0,0,0,0,-1.6128450351743382,-0.7052727304487698
3,1,1,0,0,0,0,0,2,-1.6128450351743382,-1.0324404087866506
3,1,2,1,0,0,0,0,0,-1.6128450351743382,-0.5992888346491747
3,1,1,0,0,0,0,0,1,-1.6036760676992923,-1.2674481777335789
2,1,1,1,0,1,0,2,0,-1.5754206781333344,-0.9909684495607219
2,1,1,0,0,0,0,1,0,-1.5567084996128326,-0.9955764450302695
3,1,2,1,0,0,0,0,0,-1.5379963210923309,-1.590007860601912
2,1,1,1,0,0,0,0,0,-1.5379963210923309,-0.6919095435870818
5,1,2,0,0,0,0,0,0,-1.500571964051327,-0.7974326398397221
3,1,2,1,0,0,0,0,0,-1.4257232499693195,-1.2674481777335789
4,1,2,1,0,0,0,0,0,-1.4257232499693195,-0.9909684495607219
2,1,1,1,0,0,0,1,0,-1.4257232499693195,-0.8250806126570078
2,1,1,0,0,0,0,0,0,-1.4070110714488178,-0.9909684495607219
3,1,1,0,0,0,1,0,0,-1.3546169715914125,0.06887050843522939
3,1,1,0,0,0,0,0,0,-1.3508745358873122,-1.4748079738632214
2,1,1,0,0,1,0,0,1,-1.3321623573668104,-1.5273391222160642
1,1,1,0,0,0,0,0,0,-1.3321623573668104,-0.5439928890146033
3,1,2,1,0,1,0,0,0,-1.3321623573668104,-0.5439928890146033
2,1,1,1,0,0,0,0,0,-1.3134501788463084,-0.9080245311088648
2,1,1,1,0,0,0,0,0,-1.2947380003258067,-0.6960567395096746
3,1,2,1,0,0,0,0,2,-1.2760258218053047,-1.2328882117119717
4,2,2,1,0,0,0,0,2,-1.2760258218053047,-1.089118753062086
2,1,1,1,0,0,0,0,0,-1.2760258218053047,-0.869317369164665
2,1,1,0,0,0,0,0,0,-1.2610560789889034,-0.6983607372444485
3,1,2,1,0,1,0,0,0,-1.238601464764301,-0.894200544700222
2,1,1,0,1,0,0,1,0,-1.238601464764301,-0.8803765582915792
2,1,1,1,0,0,0,1,0,-1.238601464764301,-0.9909684495607219
2,1,1,1,1,0,0,0,0,-1.238601464764301,-0.7605686760833412
2,1,2,1,0,0,0,0,0,-1.238601464764301,-0.14309728316396086
2,1,1,1,0,0,0,0,0,-1.238601464764301,1.174789421126657
3,1,2,1,0,0,0,0,0,-1.219889286243799,-0.34584908382405594
3,1,2,0,0,0,0,0,1,-1.219889286243799,-0.9909684495607219
3,1,1,0,0,0,0,0,0,-1.2011771077232973,-1.0462643951952932
3,1,1,0,0,0,0,0,0,-1.2011771077232973,-0.9080245311088648
2,1,2,1,0,0,0,0,2,-1.2011771077232973,-0.9909684495607219
2,1,1,1,0,0,0,0,0,-1.1637527506822936,-0.7144887213878651
2,1,1,1,0,0,0,0,0,-1.1637527506822936,-0.34584908382405594
2,2,2,1,0,1,0,1,2,-1.1637527506822936,-0.7144887213878651
2,1,1,0,0,0,0,0,0,-1.1562678792740928,-1.0324404087866506
2,1,1,1,0,0,1,0,0,-1.1300708293453903,-0.9057205333740911
3,1,2,1,0,0,1,0,0,-1.1300708293453903,-0.5301689026059605
2,1,1,1,0,0,0,0,0,-1.1263283936412898,-0.5605816727049747
2,1,2,1,0,0,0,0,1,-1.1263283936412898,-1.4517679965154833
3,3,2,0,1,0,0,0,0,-1.1263283936412898,-0.7006647349792222
3,1,1,1,0,0,0,0,0,-1.1263283936412898,-1.0831283589516743
3,1,1,0,0,0,0,0,0,-1.1263283936412898,-1.253624191324936
2,1,1,1,0,0,0,1,1,-1.1263283936412898,-0.7697846670224364
3,1,1,1,0,0,0,0,1,-1.1263283936412898,-0.5301689026059605
2,1,1,1,0,0,0,0,0,-1.107616215120788,-0.5301689026059605
2,1,1,1,0,0,0,0,0,-1.0889040366002862,0.7600698288673715
3,1,2,1,0,0,0,1,0,-1.0889040366002862,-0.5301689026059605
3,1,2,1,0,1,0,1,0,-1.0514796795592825,-1.1522482909948883
3,1,1,1,0,0,0,0,2,-1.0514796795592825,-0.5486008844841509
3,1,2,0,0,0,0,1,1,-1.0327675010387807,-0.8527285854742935
3,1,2,0,0,0,0,1,0,-1.0327675010387807,-0.368889061171794
2,1,1,0,0,0,0,1,2,-1.0327675010387807,-1.156856286464436
4,1,3,1,0,0,0,0,0,-1.0234114117785296,0.022790553739753243
2,1,1,0,0,0,0,0,0,-1.0140553225182787,-0.9725364676825314
2,1,1,1,0,0,0,0,0,-1.0140553225182787,-0.7006647349792222
2,1,1,1,0,0,0,0,1,-1.0140553225182787,0.3914301913035624
4,1,2,1,0,0,0,0,0,-1.0140553225182787,0.11495046313070553
3,1,2,1,0,1,0,1,0,-0.976630965477275,0.3223102592603482
2,1,1,1,0,0,0,0,0,-0.976630965477275,-0.0878013375293895
3,1,2,0,0,0,0,1,0,-0.976630965477275,-0.7144887213878651
4,1,2,0,0,0,0,0,0,-0.976630965477275,-0.6868407485705794
3,1,2,0,0,0,0,1,1,-0.976630965477275,-0.7697846670224364
2,1,1,0,0,0,0,0,2,-0.976630965477275,-1.1292083136471505
3,1,2,0,0,0,0,0,0,-0.976630965477275,-0.9218485175175077
3,1,2,1,0,0,0,0,1,-0.976630965477275,0.6748219126807407
2,1,2,1,0,0,0,0,1,-0.9654036583649739,-0.9909684495607219
4,1,2,0,0,0,0,1,0,-0.9579187869567731,-0.36796746207788444
2,1,1,1,0,0,0,0,0,-0.9429490441403716,1.3360692625608233
3,1,2,0,0,0,0,0,1,-0.9392066084362712,-0.9494964903347934
3,1,2,1,0,0,0,2,1,-0.9392066084362712,-0.8803765582915792
2,1,1,1,0,0,0,0,1,-0.9392066084362712,-1.0670003748082575
2,1,1,1,0,0,0,0,2,-0.9392066084362712,-0.2536891744331036
3,1,1,0,0,0,0,0,0,-0.9392066084362712,-0.03434859008263717
3,1,2,1,0,0,0,0,0,-0.9392066084362712,-0.6453687893446508
4,1,2,1,0,0,0,3,1,-0.9392066084362712,-0.7006647349792222
2,1,1,1,0,0,0,0,0,-0.9204944299157695,-0.6223288119969128
2,1,1,1,0,1,1,0,0,-0.9017822513952676,-0.0878013375293895
3,1,2,0,0,1,0,0,1,-0.9017822513952676,-1.3780400690027215
2,1,1,1,1,1,0,0,0,-0.9017822513952676,-0.9494964903347934
2,1,2,1,0,0,0,1,1,-0.9017822513952676,-0.2997691291285798
2,1,1,1,0,0,0,1,0,-0.8980398156911672,1.3591092399085614
3,1,1,0,0,0,1,0,0,-0.8830700728747657,-0.9909684495607219
3,1,2,1,0,0,0,0,0,-0.8830700728747657,-0.5992888346491747
2,1,1,1,0,0,0,0,0,-0.8830700728747657,-0.7605686760833412
3,1,1,1,0,0,0,0,1,-0.8810117332375105,-1.2683697768274884
3,1,1,1,0,1,0,0,0,-0.8755852014665649,0.15872642009140786
3,1,2,1,0,0,1,0,0,-0.8681003300583642,-0.2997691291285798
1,1,1,1,0,0,0,0,2,-0.8643578943542638,-0.7836086534310793
2,2,1,0,1,1,0,1,0,-0.8643578943542638,-0.5366200962633272
2,1,1,0,0,1,0,0,1,-0.8643578943542638,-0.7605686760833412
2,1,1,1,0,0,0,2,1,-0.8643578943542638,-0.48639294564525815
3,1,2,0,0,1,0,0,0,-0.8643578943542638,-1.6130478379496498
3,1,2,1,0,1,0,0,1,-0.8643578943542638,-0.7836086534310793
2,1,1,1,0,0,0,0,1,-0.8643578943542638,0.7370298515196335
3,1,2,1,0,0,0,2,1,-0.8643578943542638,1.7738288321678468
2,1,1,1,0,0,0,1,0,-0.8643578943542638,-0.9591732808208434
3,1,2,1,0,0,0,0,0,-0.8269335373132601,-0.35967307023269873
2,1,1,1,0,0,1,1,0,-0.8269335373132601,-1.1365811063984266
3,1,1,0,0,0,0,1,0,-0.8269335373132601,-0.38271304758043684
3,1,2,0,0,0,0,0,2,-0.8269335373132601,-0.9356725039261505
4,1,2,1,0,1,0,0,0,-0.8194486659050594,-0.6960567395096746
2,1,1,0,0,0,0,0,1,-0.8082213587927582,-0.2997691291285798
2,1,1,0,0,0,0,0,0,-0.8082213587927582,-0.5624248708927938
2,1,1,0,0,0,1,0,0,-0.7895091802722564,-1.2213682230381027
4,1,2,1,0,1,1,0,0,-0.7895091802722564,-0.9080245311088648
3,1,1,1,1,1,0,0,2,-0.7895091802722564,0.4190781641208481
4,1,2,0,0,0,0,1,1,-0.7895091802722564,-0.7697846670224364
4,1,2,1,0,0,0,0,1,-0.7895091802722564,-0.6260152083725509
2,1,1,1,0,0,0,0,0,-0.7895091802722564,-0.51173692072777
3,1,2,1,0,1,0,0,2,-0.7895091802722564,-1.384952062207043
3,1,1,1,0,0,0,1,0,-0.7895091802722564,0.336134245668991
2,1,1,1,0,0,0,1,0,-0.7707970017517546,-0.51173692072777
4,1,2,1,0,0,0,0,0,-0.7707970017517546,-0.17304925371602037
3,1,2,1,0,1,0,0,2,-0.7670545660476542,-1.384952062207043
3,1,1,0,0,0,0,0,2,-0.7558272589353531,-1.1292083136471505
4,1,2,1,0,0,1,2,0,-0.7520848232312527,-0.7605686760833412
4,1,3,0,0,0,0,0,1,-0.7520848232312527,-0.0878013375293895
2,1,2,1,0,0,0,0,0,-0.7520848232312527,-0.4748729569713891
2,1,1,1,0,0,0,0,0,-0.7520848232312527,-0.18456924238988942
2,1,1,0,0,0,1,0,0,-0.7520848232312527,-0.6591927757532937
3,1,1,1,0,0,0,0,0,-0.7520848232312527,-0.6453687893446508
3,1,2,0,0,1,0,0,1,-0.7520848232312527,-0.9448884948652458
2,1,1,1,0,1,0,2,2,-0.7520848232312527,-0.9057205333740911
3,1,2,1,1,1,1,1,2,-0.7333726447107508,-0.16844125824647277
3,1,1,1,0,1,0,2,0,-0.7333726447107508,-0.7836086534310793
2,1,1,1,0,0,0,0,2,-0.7333726447107508,-0.6960567395096746
2,1,1,1,0,0,0,0,0,-0.7184029018943493,-0.51173692072777
2,1,1,1,0,0,0,0,0,-0.7146604661902489,-0.5301689026059605
2,1,1,1,0,0,0,2,0,-0.7146604661902489,-0.9057205333740911
3,1,1,1,0,0,0,0,0,-0.7146604661902489,-0.5992888346491747
3,1,3,1,0,0,0,0,2,-0.7146604661902489,-1.384952062207043
3,1,2,1,0,1,0,0,0,-0.7146604661902489,-1.170680272873079
3,2,2,1,0,1,0,0,0,-0.7146604661902489,-1.4748079738632214
3,1,1,1,0,0,0,0,0,-0.6959482876697471,-0.9633204767434362
2,1,1,1,0,0,0,1,0,-0.6959482876697471,0.07808649937432462
3,1,3,1,0,0,0,0,2,-0.6959482876697471,-1.384952062207043
3,1,2,0,0,0,0,0,0,-0.6809785448533456,-0.11544931034667519
3,1,2,1,0,0,1,0,1,-0.6772361091492453,-0.41957701133681774
3,1,2,1,0,0,0,0,0,-0.6772361091492453,-0.691448744040127
4,1,2,1,0,0,0,0,1,-0.6772361091492453,-0.2536891744331036
3,2,2,0,0,0,0,0,0,-0.6772361091492453,-1.3895600576765905
3,1,2,1,0,1,0,0,1,-0.6772361091492453,-0.9743796658703505
3,1,2,1,0,0,0,0,1,-0.6772361091492453,-0.5347768980755081
3,1,1,0,0,0,0,0,0,-0.6772361091492453,1.0476087461671426
3,1,1,0,0,0,1,0,0,-0.6772361091492453,-0.7697846670224364
6,1,2,1,0,0,0,1,0,-0.6772361091492453,-0.7144887213878651
2,1,1,1,0,0,0,1,1,-0.6772361091492453,-0.6960567395096746
2,1,1,1,0,0,0,1,2,-0.6772361091492453,0.3453502366080863
3,1,2,1,0,0,0,1,0,-0.6772361091492453,-0.9356725039261505
2,1,1,1,0,0,0,1,1,-0.6772361091492453,1.0135095796924904
2,1,1,1,0,0,0,1,0,-0.6772361091492453,-0.7550390815198841
3,1,2,1,0,0,0,3,0,-0.6772361091492453,2.0042286056452276
2,1,1,1,0,0,0,0,0,-0.6772361091492453,0.336134245668991
3,1,1,1,0,0,0,0,0,-0.6772361091492453,3.591222245357426
3,1,1,1,0,0,0,2,0,-0.6585239306287434,-0.5992888346491747
3,1,2,1,0,1,0,0,2,-0.6398117521082415,-0.9218485175175077
4,2,2,1,0,1,0,2,2,-0.6398117521082415,-0.2997691291285798
2,1,1,0,0,0,0,0,2,-0.6398117521082415,-0.2997691291285798
2,1,1,1,0,0,0,0,0,-0.6398117521082415,-0.6960567395096746
2,1,1,1,0,0,0,0,1,-0.6210995735877397,-0.2997691291285798
2,1,1,1,0,0,0,0,1,-0.6210995735877397,-0.5301689026059605
3,1,1,1,0,0,0,2,0,-0.6061298307713382,-0.751352685144246
2,1,1,1,0,0,1,2,1,-0.6023873950672378,-0.4011450294586273
3,1,2,1,0,1,0,0,1,-0.6023873950672378,-0.7283127077965079
3,1,2,0,0,1,0,0,1,-0.6023873950672378,-0.9080245311088648
2,1,2,1,0,0,1,0,2,-0.6023873950672378,-0.9909684495607219
2,2,1,1,0,1,0,0,1,-0.6023873950672378,-0.751352685144246
3,1,2,1,1,1,0,0,0,-0.6023873950672378,0.37299820942537193
3,2,2,1,0,0,0,2,1,-0.6023873950672378,-0.4702649615018415
3,2,2,0,0,1,0,0,0,-0.6023873950672378,-1.0600883816039361
3,1,3,1,0,0,1,0,1,-0.6023873950672378,-1.325048121102924
2,1,1,1,0,1,0,0,2,-0.5836752165467359,-0.7006647349792222
2,1,1,1,0,0,1,0,0,-0.5836752165467359,-0.7006647349792222
2,1,1,0,0,0,0,0,1,-0.5836752165467359,0.22554235439984827
2,1,1,1,0,0,0,0,2,-0.5836752165467359,-0.7144887213878651
3,1,2,0,0,1,0,0,1,-0.5687054737303344,-0.9356725039261505
2,1,1,1,0,0,0,0,2,-0.5687054737303344,0.1379904404784436
3,1,1,1,0,0,0,1,0,-0.564963038026234,-0.7144887213878651
2,1,1,1,0,0,0,0,1,-0.564963038026234,-0.51173692072777
3,1,1,1,0,0,0,0,1,-0.564963038026234,0.40064618224265763
2,1,1,1,0,0,0,0,2,-0.564963038026234,-0.5071289252582224
2,1,1,1,0,0,0,0,1,-0.564963038026234,-0.7218615141391412
2,1,1,1,0,0,0,0,1,-0.5462508595057323,-0.7697846670224364
3,1,1,1,0,0,0,2,2,-0.5312811166893308,1.4282291719517757
5,2,1,0,0,1,1,1,2,-0.5312811166893308,-1.2121522320990075
4,1,2,0,0,0,0,1,2,-0.5312811166893308,0.8199737699714905
3,1,2,1,0,0,0,0,1,-0.5275386809852304,-0.15231327410305612
2,1,2,1,0,0,0,1,1,-0.5275386809852304,-0.7974326398397221
2,1,1,1,0,0,0,0,1,-0.5275386809852304,-0.7144887213878651
2,1,1,1,0,0,0,2,0,-0.5275386809852304,0.313094268321253
3,1,3,1,0,0,0,0,2,-0.5275386809852304,-1.0573235843222075
2,1,1,1,0,0,0,1,2,-0.5275386809852304,1.4973491039949898
2,2,1,0,0,1,0,0,1,-0.5088265024647285,-0.9218485175175077
3,1,2,1,0,0,0,0,0,-0.49759919535242736,-0.8296886081265554
5,2,2,1,0,0,0,0,1,-0.49011432394422666,0.06887050843522939
2,2,1,1,0,1,0,2,1,-0.49011432394422666,-0.9080245311088648
3,1,2,1,0,0,1,0,2,-0.49011432394422666,0.9222712693954476
2,1,1,1,0,0,0,0,1,-0.49011432394422666,-0.4933049388495796
2,1,1,1,0,0,0,0,1,-0.49011432394422666,-0.5992888346491747
3,1,2,1,0,1,0,0,1,-0.49011432394422666,-1.444856003311162
2,1,2,1,1,0,0,0,1,-0.49011432394422666,-1.3706672762514454
2,1,2,1,1,1,0,0,1,-0.47140214542372477,-0.631544802936008
4,2,2,1,0,0,0,0,2,-0.47140214542372477,-0.9080245311088648
3,2,1,1,1,1,0,3,2,-0.45268996690322294,0.9720376204665618
4,1,2,1,1,1,0,0,1,-0.45268996690322294,0.1610304178261817
3,1,2,1,0,0,0,0,1,-0.45268996690322294,-0.9909684495607219
2,1,1,1,0,0,0,1,2,-0.45268996690322294,-0.8573365809438411
2,1,1,1,0,1,1,2,2,-0.45268996690322294,-0.6149560192456366
3,1,1,1,0,0,1,2,1,-0.45268996690322294,1.3498932489694662
4,2,1,1,0,1,0,0,0,-0.45268996690322294,-1.384952062207043
4,1,1,0,0,1,0,0,0,-0.4152656098622192,-0.48408894791048435
3,1,2,0,0,0,1,1,1,-0.4152656098622192,0.6126139738418479
3,2,2,0,0,1,1,0,1,-0.4152656098622192,-0.2997691291285798
3,1,2,1,0,0,0,0,2,-0.4152656098622192,-0.5486008844841509
2,1,2,1,1,1,0,0,0,-0.4152656098622192,-0.5071289252582224
3,1,2,0,0,1,1,0,1,-0.4059095206019683,-0.2997691291285798
4,1,2,1,0,0,1,0,1,-0.4059095206019683,-0.7790006579615316
3,2,2,1,0,0,0,2,1,-0.39655343134171733,-0.7006647349792222
3,2,1,1,0,1,1,1,2,-0.39655343134171733,-0.7790006579615316
3,1,1,1,0,0,0,3,1,-0.39655343134171733,0.11495046313070553
4,2,2,0,0,1,0,1,0,-0.3778412528212155,0.3453502366080863
3,2,2,1,0,0,0,2,0,-0.3778412528212155,-0.07305575202683713
3,1,1,1,0,0,0,0,1,-0.3778412528212155,-0.3734970566413416
4,1,3,1,0,1,1,2,1,-0.3778412528212155,-0.9909684495607219
3,1,2,1,0,0,0,2,2,-0.3778412528212155,-0.38271304758043684
3,2,2,1,0,0,0,0,1,-0.3591290743007136,-0.6776247576314841
2,1,2,1,0,0,0,1,1,-0.3591290743007136,-0.51173692072777
2,1,1,1,0,0,1,0,1,-0.3591290743007136,0.20711037252165782
3,1,1,1,0,1,1,0,2,-0.3572578564486634,-0.7144887213878651
2,1,1,1,0,1,0,1,1,-0.3441593314843121,0.4190781641208481
4,1,2,1,0,0,1,0,1,-0.3404168957802118,-0.23894358893055126
3,1,1,1,0,1,0,0,1,-0.3404168957802118,0.384518198099241
3,1,2,1,0,0,0,1,1,-0.3217047172597099,-0.14309728316396086
3,1,2,1,0,0,0,2,1,-0.3217047172597099,-0.4933049388495796
3,1,2,1,0,1,0,1,1,-0.3217047172597099,-0.5089721234460415
3,1,1,1,0,1,0,3,1,-0.3067349744433084,1.4282291719517757
3,1,2,1,0,0,0,1,1,-0.3067349744433084,-0.7836086534310793
3,1,2,1,0,0,1,0,0,-0.30299253873920806,0.1610304178261817
3,1,2,1,0,1,1,0,0,-0.30299253873920806,-0.05093737377300859
2,1,1,1,1,1,0,2,1,-0.30299253873920806,0.3223102592603482
4,3,2,0,0,0,0,0,1,-0.30299253873920806,-1.170680272873079
3,1,2,1,0,1,1,0,0,-0.30299253873920806,-1.0126260282675956
4,2,2,0,0,0,0,0,1,-0.30299253873920806,-1.1075507349402767
2,1,1,0,0,0,0,1,0,-0.30299253873920806,-0.3412410883545083
4,2,2,0,0,0,0,0,1,-0.30299253873920806,-0.5301689026059605
3,1,2,0,0,0,0,0,1,-0.30299253873920806,-1.3020081437551858
3,2,2,1,0,0,1,1,1,-0.30299253873920806,-0.2536891744331036
3,2,2,1,0,1,0,0,0,-0.30299253873920806,-0.6960567395096746
3,1,1,1,0,0,0,2,1,-0.30299253873920806,0.2992702819126101
3,1,1,1,0,0,0,3,2,-0.30299253873920806,0.8522297382583238
3,1,3,1,0,0,0,0,1,-0.30299253873920806,-0.4937657383965343
3,1,2,1,0,0,0,0,1,-0.30299253873920806,-0.751352685144246
3,1,3,1,0,0,0,1,0,-0.30299253873920806,-1.384952062207043
3,1,1,1,0,1,0,0,2,-0.30299253873920806,-0.2997691291285798
3,1,2,1,1,0,0,0,1,-0.2842803602187062,0.6909498968241573
3,1,1,1,0,1,0,0,2,-0.2842803602187062,-1.089118753062086
2,1,1,1,0,0,0,0,2,-0.26556818169820434,0.5573180282072765
2,1,2,1,0,0,0,0,0,-0.26556818169820434,0.5573180282072765
2,1,1,1,0,0,1,2,2,-0.26556818169820434,-0.2997691291285798
3,1,2,0,1,1,1,0,0,-0.26556818169820434,-1.3711280757984001
4,1,2,1,0,0,0,0,2,-0.26556818169820434,-0.3642810657022464
2,1,1,1,0,0,0,1,2,-0.26556818169820434,1.20704538941349
3,1,2,1,0,1,0,2,1,-0.26182574599410396,-0.8066486307788173
2,1,1,1,0,0,0,1,1,-0.24685600317770245,-0.34584908382405594
2,1,1,1,0,0,0,1,1,-0.24685600317770245,2.4005162160263223
2,1,1,1,0,1,0,0,2,-0.2393711317695017,-0.5154233171034082
3,2,3,1,0,0,0,1,2,-0.2281438246572006,-0.2997691291285798
5,1,2,0,0,1,0,0,1,-0.2281438246572006,-1.4955439534761856
3,1,1,1,1,1,0,2,1,-0.2281438246572006,-0.4956089365843534
4,1,2,1,0,0,0,2,2,-0.2281438246572006,-0.7605686760833412
4,1,2,1,0,0,0,0,1,-0.2281438246572006,0.598789987433205
3,1,2,1,0,0,0,0,0,-0.20943164613669873,-0.5762488573014366
4,1,2,1,0,0,1,0,1,-0.20568921043259836,-0.09240933299893712
3,1,2,1,0,0,0,0,1,-0.19446190332029725,-1.0462643951952932
3,1,1,1,0,0,0,2,0,-0.19446190332029725,-0.12466530128577041
3,1,2,1,0,0,0,1,1,-0.19446190332029725,-0.10623331940757996
3,1,2,0,0,0,0,0,1,-0.19071946761619687,-0.5449144881085128
2,1,2,1,0,1,0,0,1,-0.19071946761619687,-0.11544931034667519
2,1,1,1,1,1,0,0,1,-0.17200728909569502,-0.6453687893446508
2,1,1,1,0,1,1,1,2,-0.15703754627929353,0.5573180282072765
3,1,2,1,0,0,1,1,2,-0.15703754627929353,-0.9163189229540506
3,1,2,1,0,0,0,0,1,-0.15703754627929353,-0.7559606806137936
4,1,2,1,0,0,1,2,1,-0.15329511057519316,-0.2951611336590321
2,1,1,1,0,0,1,1,0,-0.15329511057519316,0.3384382434037648
3,1,2,1,0,0,0,2,2,-0.15329511057519316,-0.5301689026059605
3,1,1,1,0,0,0,0,2,-0.15329511057519316,1.4282291719517757
3,1,2,1,0,0,0,1,1,-0.15329511057519316,-0.51173692072777
3,1,3,1,0,0,0,0,1,-0.1345829320546913,-0.7559606806137936
3,1,2,1,0,1,0,1,1,-0.1345829320546913,-0.7836086534310793
3,1,1,1,0,0,0,0,1,-0.1345829320546913,2.1701164425489416
2,1,2,1,0,0,0,0,2,-0.1345829320546913,-0.751352685144246
2,2,1,1,1,1,0,0,1,-0.11961318923828981,-0.48408894791048435
4,2,2,1,1,1,0,0,2,-0.11961318923828981,-0.07397735112074666
3,1,1,1,0,0,0,2,1,-0.11587075353418944,-0.6407607938751032
3,1,2,1,0,0,1,0,2,-0.11587075353418944,-0.6960567395096746
3,1,2,1,0,1,0,0,2,-0.11587075353418944,-1.1983282456903646
3,1,2,1,1,1,0,0,1,-0.11587075353418944,0.07808649937432462
3,1,2,1,0,0,0,2,0,-0.11587075353418944,0.09651848125251507
3,1,1,1,0,0,0,0,1,-0.11587075353418944,-0.751352685144246
4,1,4,1,0,0,0,3,0,-0.11587075353418944,1.4973491039949898
3,1,2,1,0,0,0,1,2,-0.09715857501368758,-0.5301689026059605
3,1,2,1,0,0,0,1,1,-0.09715857501368758,-0.6038968301187223
4,2,2,1,0,1,0,0,1,-0.0821888321972861,-0.2951611336590321
3,1,1,1,1,1,1,0,0,-0.07844639649318572,-0.45644097509319864
3,2,2,1,0,1,0,2,1,-0.07844639649318572,-0.5854648482405319
3,1,2,1,1,0,1,1,1,-0.07844639649318572,0.24397433627803874
2,1,2,1,1,1,0,0,1,-0.07844639649318572,-1.050872390664841
3,1,2,1,0,1,0,0,1,-0.07844639649318572,-0.06476136018165143
3,1,2,1,0,1,0,0,2,-0.059734217972683856,-0.6476727870794247
3,1,4,1,0,0,1,0,1,-0.041022039452181996,0.0089665673311104
2,1,1,1,0,1,1,1,2,-0.041022039452181996,0.3914301913035624
3,1,2,1,0,0,0,2,1,-0.041022039452181996,-0.7006647349792222
4,2,2,1,1,1,0,1,1,-0.041022039452181996,2.0811821299866726
2,1,2,1,0,0,0,0,1,-0.041022039452181996,0.11495046313070553
3,1,1,1,0,0,0,0,1,-0.041022039452181996,-0.38271304758043684
2,1,1,1,0,0,1,3,1,-0.007340118115278647,0.5941819919636574
2,1,1,1,0,1,1,2,1,-0.003597682411178275,1.850321556962337
3,1,2,1,0,1,1,1,2,-0.003597682411178275,0.5393468458760409
2,1,1,1,0,0,1,2,0,-0.003597682411178275,2.345220270391751
4,2,2,1,0,0,0,0,1,0.00014475329292209705,-0.7974326398397221
3,1,2,1,0,1,0,0,0,0.015114496109323585,0.8522297382583238
4,1,4,1,0,1,1,2,1,0.015114496109323585,1.3591092399085614
3,1,3,1,0,0,0,0,0,0.03382667462982544,-0.45644097509319864
3,1,1,1,0,0,0,2,1,0.03382667462982544,0.40986217318175283
3,1,2,1,0,0,1,2,2,0.03382667462982544,0.7886394007785668
2,1,1,1,0,0,1,0,1,0.03382667462982544,-0.15461727183782992
2,1,1,1,0,1,0,0,0,0.0525388531503273,-0.368889061171794
4,2,2,1,0,1,1,2,1,0.0675085959667288,-0.7974326398397221
4,2,1,1,0,1,0,0,1,0.0675085959667288,-0.07167335338597286
3,1,2,1,0,1,1,0,1,0.07125103167082916,-0.2905531381894845
3,1,2,0,1,1,1,0,1,0.07125103167082916,-0.48639294564525815
2,1,1,1,0,1,0,1,1,0.07125103167082916,-0.4748729569713891
4,1,2,1,0,0,0,0,1,0.07125103167082916,0.11495046313070553
3,1,1,1,1,1,0,0,1,0.07125103167082916,-0.17535325145079417
3,1,1,1,0,0,1,2,1,0.07125103167082916,0.5296700553899908
2,1,1,1,1,1,1,0,1,0.07125103167082916,0.2992702819126101
3,1,2,1,0,1,1,0,1,0.07125103167082916,-0.9909684495607219
3,1,3,1,0,0,0,0,1,0.07125103167082916,-1.0047924359693647
3,1,1,1,0,0,0,0,0,0.07125103167082916,0.7232058651109906
3,1,2,1,1,1,0,2,1,0.07125103167082916,-0.2324923952731846
3,1,1,1,0,0,0,2,2,0.07125103167082916,3.570947065291416
3,1,2,1,0,0,0,1,2,0.07499346737492954,-0.4380089932150082
3,1,2,1,0,0,1,0,1,0.08996321019133102,0.3674686148619148
3,2,2,0,0,1,1,1,1,0.10119051730363214,-1.0831283589516743
4,3,2,1,0,1,0,2,1,0.10867538871183288,-0.3412410883545083
3,1,1,1,1,1,0,0,1,0.10867538871183288,1.1683382274692902
3,2,1,1,1,1,0,0,1,0.12738756723233474,1.3821492172562995
2,1,1,1,1,1,0,0,1,0.14235731004873622,-0.16152926504215134
2,1,1,0,1,1,0,0,1,0.1460997457528366,-0.7421366942051507
4,1,2,1,0,0,1,2,2,0.1460997457528366,1.1287094664311808
3,1,2,1,1,1,0,0,1,0.1460997457528366,2.5571880619909413
3,1,1,1,1,1,0,0,2,0.1460997457528366,0.6679099194764193
2,1,2,1,0,0,1,0,0,0.16481192427333846,0.26240631815622917
3,2,2,1,1,1,0,0,2,0.18352410279384032,-0.9909684495607219
3,1,2,1,0,1,0,0,0,0.18352410279384032,-0.9909684495607219
2,1,2,1,0,0,0,0,2,0.18352410279384032,2.884355740328822
3,1,1,1,0,1,1,0,1,0.18352410279384032,0.43751014599903854
3,1,2,0,0,0,1,0,1,0.20223628131434218,-0.8020406353092697
3,1,1,1,0,0,0,1,1,0.20223628131434218,1.30381329427399
3,2,2,1,0,0,0,2,1,0.2396606383553459,-0.9080245311088648
4,2,1,0,0,1,1,2,1,0.2396606383553459,-0.2997691291285798
3,1,2,1,1,1,0,1,2,0.2396606383553459,0.9443896476492761
3,1,1,1,1,1,0,2,1,0.24714550976354666,0.8913976997494786
3,1,1,1,0,1,0,0,1,0.2546303811717474,0.4144701686513005
4,1,2,1,0,1,1,0,2,0.2583728168758478,-0.41036102039772254
4,2,2,0,0,0,1,0,1,0.2583728168758478,0.6402619466591336
3,2,1,1,0,1,0,0,1,0.2583728168758478,0.1610304178261817
3,1,1,1,0,0,0,1,1,0.2583728168758478,2.358583457253439
3,1,2,1,1,1,1,2,0,0.2583728168758478,1.4973491039949898
4,2,1,1,0,0,1,0,0,0.2583728168758478,0.06887050843522939
3,1,2,1,1,1,0,1,0,0.2583728168758478,-0.6223288119969128
4,2,2,1,1,0,0,2,1,0.2583728168758478,2.142468469731656
3,1,1,1,0,0,1,2,2,0.2583728168758478,1.5526450496295612
2,2,1,1,0,0,1,2,1,0.2770849953963496,-0.2536891744331036
3,1,1,1,0,1,1,2,0,0.2957971739168515,1.220869375822133
3,2,1,1,1,1,0,0,0,0.32947909525375485,0.598789987433205
3,2,2,1,1,1,0,1,2,0.3332215309578552,0.718597869641443
3,1,1,1,1,1,1,0,1,0.35193370947835706,0.7715898175412406
3,2,1,1,1,1,1,0,2,0.37064588799885895,-0.9218485175175077
4,1,4,1,1,0,1,0,2,0.37064588799885895,0.4881980961640623
3,1,3,1,1,0,1,0,1,0.37064588799885895,0.43751014599903854
4,2,2,1,1,1,0,0,1,0.37064588799885895,0.6679099194764193
4,2,2,0,1,1,0,1,2,0.3893580665193608,-1.0752947666534434
3,1,1,1,0,0,0,2,1,0.3893580665193608,1.30381329427399
3,1,1,1,1,1,0,0,1,0.4043278093357623,0.8061497835628477
3,3,2,1,0,1,0,0,1,0.40807024503986267,-0.8527285854742935
3,2,2,1,0,0,0,2,1,0.40807024503986267,-0.691448744040127
3,2,1,1,0,1,0,2,2,0.40807024503986267,0.43751014599903854
4,1,2,1,0,0,1,2,1,0.4267824235603645,-0.34584908382405594
5,1,2,1,1,1,1,0,2,0.4267824235603645,0.11495046313070553
4,2,2,1,0,0,0,1,1,0.4454946020808664,2.465028152599989
5,2,3,0,0,1,0,0,0,0.4454946020808664,-0.16152926504215134
4,1,2,1,1,1,1,1,2,0.4454946020808664,-0.20760921973762747
3,1,4,1,0,0,0,0,2,0.4454946020808664,-0.06936935565119905
2,1,1,1,0,0,0,1,1,0.4454946020808664,2.465028152599989
3,2,2,1,0,0,0,1,1,0.4454946020808664,0.1610304178261817
3,1,3,1,0,0,0,0,1,0.4454946020808664,0.5573180282072765
4,2,1,1,0,1,0,0,1,0.4454946020808664,0.6679099194764193
3,1,2,1,1,1,1,0,0,0.4454946020808664,-0.00670061726535149
4,2,2,1,1,1,0,1,1,0.47356286986161916,0.6955578922937049
4,2,2,1,0,0,1,2,0,0.5203433161628738,0.11495046313070553
4,1,2,1,0,0,0,1,1,0.5203433161628738,-0.23525719255491317
3,1,3,1,0,0,1,0,1,0.5203433161628738,-0.06936935565119905
3,1,1,1,1,1,1,2,2,0.5203433161628738,0.5573180282072765
3,2,4,1,0,0,1,0,0,0.5203433161628738,0.2992702819126101
3,2,4,1,0,0,1,0,0,0.5390554946833757,0.3914301913035624
3,1,1,1,0,1,0,2,1,0.5540252374997772,0.8522297382583238
4,1,4,1,1,0,0,0,1,0.5577676732038775,0.31217266922734344
3,1,3,1,0,0,1,0,1,0.5577676732038775,0.022790553739753243
3,1,3,1,0,0,1,0,0,0.5577676732038775,-0.16152926504215134
3,1,1,1,1,1,0,0,0,0.5877071588366805,-0.16152926504215134
3,1,3,1,1,0,1,1,2,0.5914495945407808,0.1610304178261817
3,1,3,1,0,0,0,2,1,0.5914495945407808,2.9073957176765597
3,1,1,1,0,1,0,2,0,0.5951920302448812,0.9259576657710856
3,2,3,1,0,0,1,0,0,0.5951920302448812,0.6218299647809431
3,1,1,1,0,0,1,2,1,0.6288739515817846,4.815105842069273
4,1,2,1,1,0,1,0,2,0.632616387285885,-0.6684087666923889
3,1,1,1,0,1,1,0,2,0.632616387285885,0.5849660010245622
3,1,1,1,0,1,1,2,1,0.632616387285885,0.861445729197419
3,1,1,1,1,1,0,2,2,0.632616387285885,0.6402619466591336
3,1,2,1,1,1,1,0,1,0.632616387285885,0.9586744336048737
4,2,1,1,0,1,0,1,1,0.632616387285885,0.5084732762300718
4,2,2,1,0,0,0,0,2,0.632616387285885,0.9996855932838475
3,2,4,1,0,0,0,1,2,0.632616387285885,0.6333499534548122
2,1,1,1,1,1,0,2,2,0.6700407443268886,0.7600698288673715
3,1,1,1,1,1,1,2,1,0.6700407443268886,1.3130292852130854
3,2,1,1,1,1,0,0,0,0.6700407443268886,0.8061497835628477
6,2,2,1,0,0,0,0,2,0.703722665663792,-0.39192903851953204
3,1,1,1,0,1,0,2,2,0.703722665663792,2.059524551279799
4,2,2,1,1,0,0,1,1,0.7074651013678924,0.6748219126807407
3,1,1,1,1,1,0,2,1,0.7074651013678924,0.6679099194764193
3,1,3,1,0,0,1,2,0,0.7074651013678924,1.4844467166802566
4,1,3,1,0,0,0,1,1,0.7168211906281433,-0.8803765582915792
3,1,3,1,0,1,0,0,0,0.7261772798883943,0.5849660010245622
3,1,4,1,0,0,1,0,0,0.7448894584088961,-0.2997691291285798
4,2,1,1,0,1,1,0,1,0.7448894584088961,0.1379904404784436
3,2,4,1,1,0,1,1,1,0.763601636929398,0.1610304178261817
3,2,3,1,1,0,1,0,2,0.763601636929398,0.5527100327377289
3,2,1,1,1,1,0,2,2,0.763601636929398,0.1610304178261817
3,2,1,1,0,1,1,0,0,0.7823138154498999,0.6679099194764193
3,1,3,1,0,0,0,1,0,0.7823138154498999,0.1610304178261817
4,1,3,1,1,1,0,0,0,0.8010259939704018,0.3914301913035624
3,2,3,1,0,0,1,0,0,0.8159957367868031,0.6679099194764193
3,2,1,1,0,1,1,3,1,0.8197381724909035,0.9443896476492761
4,2,4,1,0,0,0,1,1,0.8197381724909035,0.3914301913035624
3,2,3,1,0,0,1,2,1,0.8197381724909035,-0.48408894791048435
3,1,1,1,0,1,0,1,2,0.8197381724909035,1.7738288321678468
3,1,1,1,1,1,1,1,1,0.8197381724909035,0.575750010085467
3,2,4,1,1,0,1,0,2,0.8758747080524092,-0.16152926504215134
2,1,1,1,1,1,0,2,2,0.88335957946061,0.7370298515196335
5,3,2,1,0,0,0,2,2,0.894586886572911,1.580293022446847
3,1,2,1,0,0,1,0,1,0.894586886572911,-0.06936935565119905
3,1,1,1,0,1,0,2,1,0.9132990650934129,-0.5486008844841509
3,1,1,1,1,1,1,2,0,0.9132990650934129,1.041157552509776
3,1,2,1,0,0,0,2,1,0.9320112436139147,-0.6407607938751032
3,2,3,1,0,0,1,0,2,0.9320112436139147,1.4282291719517757
3,1,3,1,0,1,0,0,0,0.9320112436139147,0.7001658877632526
3,2,4,1,0,0,1,0,1,0.9694356006549184,0.3914301913035624
3,2,2,1,0,1,1,1,1,0.9881477791754203,-0.5301689026059605
3,2,1,1,0,1,1,1,2,0.9881477791754203,2.465028152599989
3,1,2,1,0,0,0,1,1,0.995632650583621,0.3914301913035624
3,1,2,1,0,1,0,1,2,1.006859957695922,-0.51173692072777
4,2,2,1,0,0,0,0,1,1.006859957695922,-0.41036102039772254
3,2,3,1,0,0,1,0,2,1.006859957695922,0.5849660010245622
3,2,3,1,0,0,1,0,2,1.006859957695922,0.6218299647809431
3,1,1,1,1,1,1,2,2,1.006859957695922,0.25319032721713397
3,2,3,1,1,0,1,0,2,1.006859957695922,0.3914301913035624
2,2,4,1,0,1,0,0,2,1.025572136216424,0.6679099194764193
3,1,4,1,0,0,1,0,0,1.0442843147369258,-0.060153364712103814
4,2,4,1,0,0,1,0,0,1.0629964932574278,0.3914301913035624
4,2,2,1,0,0,0,2,2,1.0817086717779296,3.1976994322580596
3,2,2,1,0,1,1,0,1,1.0817086717779296,-0.5301689026059605
3,1,1,1,0,0,1,1,2,1.1191330288189334,0.3914301913035624
3,2,1,1,0,0,0,2,0,1.1378452073394352,1.174789421126657
3,2,2,1,0,1,1,1,2,1.156557385859937,1.7185328865332754
2,1,1,1,0,1,0,1,2,1.156557385859937,3.7091869293778448
3,1,1,1,0,1,1,1,2,1.1939817429009407,2.776067846794453
4,2,3,1,0,0,1,2,2,1.2126939214214427,0.5573180282072765
2,1,1,1,0,0,1,1,1,1.2314060999419445,1.7185328865332754
4,2,2,1,0,0,1,1,2,1.2314060999419445,0.5020220825727052
3,2,2,1,1,0,0,1,1,1.2688304569829483,0.3914301913035624
4,2,4,1,1,0,1,1,1,1.3062548140239518,1.1655734301875615
3,2,4,1,1,0,1,1,2,1.3062548140239518,0.3914301913035624
4,2,4,1,1,0,1,1,2,1.3249669925444538,1.7738288321678468
4,1,2,1,0,1,0,1,1,1.3773610924018589,2.8981797267374647
4,2,4,1,1,0,1,1,2,1.3811035281059594,0.3914301913035624
3,2,4,1,0,0,1,2,1,1.3811035281059594,-0.00024942360798482966
3,2,2,1,1,0,1,1,1,1.3811035281059594,0.3914301913035624
3,1,2,1,0,0,1,1,0,1.3811035281059594,0.3914301913035624
3,2,1,1,1,1,1,0,1,1.4185278851469632,1.054981538918419
3,2,4,1,0,0,0,1,0,1.4185278851469632,1.054981538918419
3,1,4,1,0,0,1,1,0,1.4185278851469632,0.5411900440638598
3,2,2,1,0,1,0,1,0,1.437240063667465,-0.39192903851953204
3,1,4,1,0,0,1,3,2,1.4559522421879667,0.6679099194764193
3,2,4,1,0,0,1,1,2,1.4746644207084687,0.3914301913035624
4,2,4,1,0,0,1,1,2,1.4933765992289705,0.3914301913035624
3,2,3,1,0,0,1,0,1,1.4933765992289705,0.3914301913035624
3,2,4,1,0,0,1,2,0,1.568225313310978,0.6126139738418479
4,2,4,1,0,0,0,2,1,1.568225313310978,0.3914301913035624
3,2,4,1,0,0,1,0,2,1.6430740273929854,0.5573180282072765
3,1,2,1,0,1,1,0,2,1.6617862059134874,0.6448699421286812
4,2,4,1,0,0,1,1,1,1.6804983844339891,0.3914301913035624
3,1,4,1,1,0,1,2,0,1.708566652214742,0.3914301913035624
4,2,4,1,0,0,1,2,2,1.717922741474993,1.7738288321678468
3,2,3,1,0,0,0,1,2,1.7516046628118962,1.0743351198905189
3,2,4,1,0,0,1,2,2,1.7718886643281202,0.8522297382583238
5,1,2,1,1,1,1,1,2,1.7927714555570002,0.778501810745562
3,3,2,1,1,1,0,1,0,1.830195812598004,0.37299820942537193
4,2,2,1,0,0,1,1,2,1.8863323481595096,-0.12466530128577041
3,1,1,1,0,0,0,1,1,1.9424688837210151,1.7162288887985016
5,2,2,1,0,1,0,2,0,1.9424688837210151,1.2899893078653473
4,2,2,1,0,1,1,1,1,1.9424688837210151,0.1610304178261817
3,2,4,1,0,0,1,2,0,1.9424688837210151,1.0711095230618355
3,1,4,1,0,0,1,2,1,1.9424688837210151,0.8522297382583238
3,2,4,1,1,1,1,0,1,1.9761508050579186,0.3914301913035624
4,2,2,1,1,1,1,2,2,2.0173175978030224,0.6402619466591336
3,2,2,1,0,0,1,2,2,2.0360297763235247,1.6816689227768944
3,1,1,1,1,1,1,1,2,2.073454133364528,1.3360692625608233
3,2,2,1,1,1,1,1,2,2.073454133364528,-0.2721211563112941
3,2,1,1,1,1,1,2,0,2.09216631188503,0.9236536680363119
3,1,2,1,0,1,0,2,1,2.1295906689260335,-0.38271304758043684
3,2,2,1,0,0,1,1,1,2.1857272044875393,0.5849660010245622
3,2,2,1,1,0,1,2,2,2.204439383008041,-0.2536891744331036
3,2,4,1,0,0,1,2,2,2.241863740049045,1.543429058690466
4,1,2,1,0,1,0,2,1,2.316712454131052,0.3914301913035624
4,2,2,1,1,1,1,1,0,2.316712454131052,0.6679099194764193
4,2,2,1,0,0,0,2,2,2.3915611682130598,-0.7605686760833412
3,2,2,1,0,0,0,0,1,2.3915611682130598,1.220869375822133
4,2,2,1,0,0,1,1,1,2.4289855252540637,0.6448699421286812
4,3,2,1,1,1,0,2,1,2.627334617571383,0.3914301913035624
3,2,4,1,1,0,1,1,0,2.6909560245410895,0.276230304564872
3,1,2,1,0,1,1,2,2,2.6909560245410895,3.7091869293778448
4,1,2,1,1,1,1,2,2,2.7283803815820935,1.3591092399085614
4,3,4,1,0,0,1,2,1,2.878077809746108,1.580293022446847
5,3,2,1,0,0,0,0,0,2.878077809746108,5.091585570242129
3,3,1,1,0,1,1,2,1,3.2523213801561455,1.0826295117357045
4,1,2,1,1,1,1,2,2,3.5517162364841752,1.0457655479793238
4,2,2,1,0,1,1,3,2,3.982096342455718,1.0826295117357045
4,4,4,1,0,0,1,3,2,4.00080852097622,1.7553968502896562
3,2,2,1,0,1,0,2,1,4.00080852097622,2.216196397244418
4,2,3,1,0,0,1,2,2,4.5621738765912765,1.0457655479793238
